1. 과일원료 DB,,,,,,,,,,
과일군명,원료명,가공방법,당도,pH,단가,비중,산도,원산지,색상,공급중량
산출근거: 내부 원료군 분류체계(감귤/베리/열대 등) + 제품군(주스/퓨레/농축) 정의는 Codex CXS 247-2005 및 AIJN CoP 용어에 정합,,Codex CXS 247-2005(주스/농축주스/퓨레/농축퓨레 정의) + AIJN Code of Practice(업계 품질·진정성 기준 용어),ISO 2173(굴절계법 soluble solids) 결과를 관행적으로 °Bx(수크로스 환산)로 표기; 농축은 원주스 대비 Brix 상승 개념(Codex),"유리수소이온활동도 측정(유리전극 pH meter, 표준완충액 교정/온도보정); QC 기본 항목(주스/퓨레 공통)",구매 견적/계약서 기준 원/kg(또는 CIF/FOB 등 조건에 따른 포함비용 정의) + 포장단위·물류·검사비 반영 여부를 별도 관리,"비중=시료밀도/물밀도(20°C 기준); 밀도계/피크노미터 실측 또는 °Bx-밀도 환산표(수용액 기반, 참고용)로 추정","ISO 750(적정산도, potentiometric 또는 지시약법) 결과를 통상 % (citric acid eq)로 환산 표기; 품질·배합 계산 핵심",COA/원산지증명/추적성 문서(로트·국가·지역) 기반; 규제·라벨링·리스크 관리 목적,색차계 CIE L*a*b* 또는 흡광도/색지수로 관리(주스·퓨레 품질지표); AIJN RG에서 색 관련 파라미터를 참고하는 경우가 많음,포장 규격(드럼/IBC/백인박스 등) 및 실중량(kg) 기준; 발주·재고·배합 원가 산출의 기본 단위
열대과일(Tropical) , 타마린드 농축액 (무가당),농축액,60.3,2.59,7260,1.234,5.96,인도,갈색,220
열대과일(Tropical) , 구아바 퓨레 (무첨가),퓨레,9,3.46,6450,1.025,0.82,베트남,연분홍,200
베리류(Berries) , 아사이 NFC (산지혼합),NFC,8.9,4.77,8400,1.01,0.2,브라질,자주,1000
감귤류(Citrus) , 레몬 주스 (일반),주스,7,2.38,3920,1.011,2.68,스페인,연금색,25
박과류(Melons) , 수박 냉동농축액 (무가당),냉동농축액,67.3,5.46,5070,1.256,0.2,중국,코랄,250
박과류(Melons) , 수박 NFC (무첨가),NFC,14.7,5.41,3400,1.037,0.04,중국,연적색,1000
베리류(Berries) , 블랙베리 무균퓨레 (프리미엄),무균퓨레,11.3,2.93,7290,1.036,1.26,미국,딥퍼플,240
감귤류(Citrus) , 포멜로 퓨레 (유기농),퓨레,15.8,3.19,7610,1.049,1.12,중국,연노랑,240
베리류(Berries) , 블루베리 무균퓨레 (프리미엄),무균퓨레,13.2,3.13,10000,1.045,0.91,캐나다,인디고,1000
기타(Other) , 대추야자 농축액 (산지혼합),농축액,70.3,4.96,10130,1.267,0.36,이란,호박색,240
베리류(Berries) , 비트베리(링곤베리) 농축액 (저펄프),농축액,68.2,2.62,8040,1.258,4.38,스웨덴,버건디,20
열대과일(Tropical) , 구아바 냉동농축액 (일반),냉동농축액,64.1,3.29,8580,1.242,1.85,태국,연로즈,1200
열대과일(Tropical) , 람부탄 NFC (프리미엄),NFC,12,4.11,13760,1.03,0.2,태국,연금색,25
기타(Other) , 석류 주스 (단일산지),주스,8.6,3.58,13480,1.009,1.44,터키,버건디,1200
핵과류(Stone) , 천도복숭아 냉동농축액 (무가당),냉동농축액,69.1,3.6,6710,1.265,1.34,중국,진주황,25
베리류(Berries) , 딸기 농축액 (산지혼합),농축액,64.1,3.36,7460,1.246,1.24,대한민국,선홍,25
베리류(Berries) , 블루베리 NFC (무첨가),NFC,11.1,3.11,9220,1.027,0.59,페루,남보라,1000
감귤류(Citrus) , 칼라만시 농축액 (고펄프),농축액,61.2,2.44,8310,1.235,4.48,필리핀,연노랑,900
기타(Other) , 아보카도 농축액 (일반),농축액,63,6.07,13590,1.238,0.09,페루,그린,25
열대과일(Tropical) , 노니 퓨레 (유기농),퓨레,17.5,4.47,8130,1.06,0.95,타히티,베이지,20
핵과류(Stone) , 살구 농축액 (저펄프),농축액,71.8,3.04,10770,1.279,2.06,스페인,주황,220
감귤류(Citrus) , 포멜로 농축액 (프리미엄),농축액,67,3.21,7600,1.255,1.26,태국,연노랑,1200
베리류(Berries) , 엘더베리 냉동농축액 (단일산지),냉동농축액,58.8,3.12,12910,1.225,1.96,오스트리아,블랙퍼플,1400
열대과일(Tropical) , 파파야 NFC (클래식),NFC,16.5,4.48,7400,1.04,0.23,태국,피치,240
베리류(Berries) , 구기자 농축액 (고펄프),농축액,60.1,3.91,6590,1.229,0.69,대한민국,주황적,220
베리류(Berries) , 크랜베리 냉동농축액 (프리미엄),냉동농축액,63.3,2.58,16640,1.242,6,미국,진적색,240
베리류(Berries) , 유월귤(빌베리) 농축액 (프리미엄),농축액,68.9,2.84,13080,1.265,1.98,스웨덴,블루퍼플,20
열대과일(Tropical) , 타마린드 주스 (산지혼합),주스,7,2.44,13750,1.003,2.17,태국,호박색,900
인과류(Pome) , 사과 농축액 (고펄프),농축액,60.9,3.77,3320,1.233,0.99,중국,연노랑,240
기타(Other) , 키위 농축액 (유기농),농축액,70.8,3.19,8130,1.274,1.87,이탈리아,연녹,200
베리류(Berries) , 유월귤(빌베리) 주스 (프리미엄),주스,7,3.17,9990,1.011,1.27,핀란드,블루퍼플,200
핵과류(Stone) , 살구 농축액 (무첨가),농축액,70.3,3.01,5420,1.271,1.99,터키,황주황,220
베리류(Berries) , 아사이 NFC (저펄프),NFC,15.5,4.77,12530,1.04,0.18,브라질,자주,25
감귤류(Citrus) , 베르가못 퓨레 (산지혼합),퓨레,10,2.59,6650,1.028,1.37,튀니지,올리브,1400
감귤류(Citrus) , 레몬 주스 (프리미엄),주스,7,2.31,4600,1.006,1.86,스페인,담황,900
박과류(Melons) , 수박 NFC (무첨가),NFC,13.9,5.4,3330,1.037,0.04,베트남,코랄,250
박과류(Melons) , 칸탈루프 NFC (저펄프),NFC,13.3,5.39,4010,1.029,0.09,미국,황주황,1400
핵과류(Stone) , 체리 퓨레 (클래식),퓨레,17.5,3.41,7730,1.06,0.45,칠레,버건디,1000
박과류(Melons) , 멜론 냉동농축액 (무가당),냉동농축액,64.1,5.85,4490,1.243,0.19,스페인,연초록,25
박과류(Melons) , 멜론 NFC (단일산지),NFC,10,5.4,3240,1.016,0.03,일본,연초록,900
감귤류(Citrus) , 칼라만시 무균퓨레 (유기농),무균퓨레,9,2.55,3700,1.026,1.87,필리핀,담황,220
기타(Other) , 아보카도 무균퓨레 (단일산지),무균퓨레,16.5,6.04,10660,1.056,0.04,케냐,그린,1200
베리류(Berries) , 구기자 주스 (저펄프),주스,10.4,4.08,8180,1.023,0.6,중국,주황적,1000
기타(Other) , 대추야자 냉동농축액 (고펄프),냉동농축액,68.1,5.02,11850,1.259,0.26,사우디아라비아,다크브라운,250
열대과일(Tropical) , 리치 농축액 (무첨가),농축액,61.7,3.88,9900,1.234,0.74,베트남,연노랑,220
핵과류(Stone) , 살구 퓨레 (무첨가),퓨레,15.6,3.01,6860,1.05,1.49,이란,진주황,900
열대과일(Tropical) , 리치 무균퓨레 (유기농),무균퓨레,18,4.44,8450,1.059,0.55,베트남,담황,900
베리류(Berries) , 블랙커런트 주스 (유기농),주스,7,3.39,12300,1.011,2.05,폴란드,자홍,900
베리류(Berries) , 비트베리(링곤베리) 주스 (저펄프),주스,7,2.83,6680,1.007,1.49,핀란드,버건디,900
베리류(Berries) , 블랙커런트 농축액 (일반),농축액,65.6,3.24,16370,1.246,4.72,폴란드,자주,220
열대과일(Tropical) , 망고스틴 냉동농축액 (프리미엄),냉동농축액,60.9,3.56,12140,1.23,2.17,태국,연노랑,240
열대과일(Tropical) , 잭프루트 농축액 (단일산지),농축액,71.1,5.05,15830,1.268,0.27,인도,노랑,240
기타(Other) , 아보카도 농축액 (프리미엄),농축액,69.6,6.39,10680,1.261,0.13,멕시코,연초록,1000
핵과류(Stone) , 천도복숭아 NFC (산지혼합),NFC,11.9,3.76,7830,1.025,0.72,중국,진주황,1400
기타(Other) , 감 주스 (무가당),주스,10.9,5.99,5090,1.02,0.1,대한민국,진주황,1000
기타(Other) , 대추야자 주스 (저펄프),주스,11.6,5.6,5760,1.024,0.12,이란,갈색,250
베리류(Berries) , 아사이 NFC (무가당),NFC,15.6,4.56,14490,1.034,0.18,브라질,딥퍼플,1200
박과류(Melons) , 칸탈루프 주스 (단일산지),주스,12.5,5.69,2280,1.024,0.1,멕시코,주황,240
핵과류(Stone) , 자두 주스 (저펄프),주스,8.7,3.21,4980,1.014,1.4,칠레,딥퍼플,240
베리류(Berries) , 딸기 농축액 (산지혼합),농축액,68.7,3.15,12050,1.259,2.55,미국,연홍,1400
열대과일(Tropical) , 람부탄 NFC (일반),NFC,16.6,4.83,9680,1.041,0.17,태국,담황,20
열대과일(Tropical) , 용과 NFC (클래식),NFC,13.9,4.13,11500,1.033,0.36,말레이시아,핑크,1000
열대과일(Tropical) , 망고 NFC (단일산지),NFC,8.3,3.45,11070,1.012,0.86,페루,진주황,25
열대과일(Tropical) , 타마린드 무균퓨레 (무가당),무균퓨레,9,2.52,21100,1.023,2.63,멕시코,호박색,1400
기타(Other) , 감 퓨레 (단일산지),퓨레,14.3,6.09,8020,1.046,0.07,일본,황주황,20
기타(Other) , 무화과 농축액 (단일산지),농축액,71.4,4.68,4630,1.269,0.36,터키,플럼브라운,1000
열대과일(Tropical) , 바나나 NFC (무가당),NFC,8,4.69,4600,1.014,0.12,에콰도르,아이보리,1400
핵과류(Stone) , 천도복숭아 농축액 (클래식),농축액,66.5,3.48,5980,1.25,1.31,중국,황주황,240
감귤류(Citrus) , 레몬 주스 (무첨가),주스,7,2.62,4490,1.007,3.12,미국,연금색,20
기타(Other) , 무화과 NFC (단일산지),NFC,13.3,4.53,11310,1.032,0.11,대한민국,갈자주,240
인과류(Pome) , 모과 냉동농축액 (무첨가),냉동농축액,63.6,3.25,5090,1.244,1.06,대한민국,황금,250
베리류(Berries) , 아사이 NFC (고펄프),NFC,13.7,4.69,11020,1.034,0.2,브라질,딥퍼플,25
베리류(Berries) , 라즈베리 NFC (일반),NFC,8,3.29,4730,1.014,1.66,칠레,딥레드,900
감귤류(Citrus) , 칼라만시 퓨레 (클래식),퓨레,9,2.73,3930,1.027,2.44,태국,연노랑,240
베리류(Berries) , 유월귤(빌베리) 무균퓨레 (프리미엄),무균퓨레,9.3,2.81,13330,1.029,1.68,핀란드,인디고,900
베리류(Berries) , 딸기 농축액 (클래식),농축액,65.5,3.03,7860,1.25,1.93,이집트,선홍,220
열대과일(Tropical) , 용과 냉동농축액 (저펄프),냉동농축액,62.6,4.85,12850,1.237,0.77,태국,핑크,1200
베리류(Berries) , 레드커런트 농축액 (산지혼합),농축액,63.4,2.79,10250,1.238,4.73,독일,딥레드,1200
핵과류(Stone) , 살구 주스 (클래식),주스,10.3,3.52,5150,1.017,1.58,스페인,주황,250
포도류(Grapes) , 포도 주스 (단일산지),주스,8.5,3.53,5110,1.017,0.87,칠레,연보라,1200
베리류(Berries) , 아사이 농축액 (단일산지),농축액,70.5,4.27,13770,1.268,0.48,브라질,딥퍼플,250
박과류(Melons) , 칸탈루프 주스 (산지혼합),주스,12.6,6.05,2680,1.031,0.11,스페인,황주황,1000
인과류(Pome) , 모과 퓨레 (클래식),퓨레,9,3.38,5790,1.03,1.14,중국,황금,25
감귤류(Citrus) , 금귤 무균퓨레 (단일산지),무균퓨레,9,2.72,5700,1.02,1.45,중국,황주황,900
박과류(Melons) , 멜론 냉동농축액 (클래식),냉동농축액,60,5.15,2730,1.233,0.15,대한민국,그린,240
베리류(Berries) , 라즈베리 무균퓨레 (무첨가),무균퓨레,9,3.3,7890,1.027,1.7,폴란드,루비,240
박과류(Melons) , 칸탈루프 NFC (단일산지),NFC,12.3,5.5,2190,1.03,0.12,스페인,황주황,250
베리류(Berries) , 크랜베리 무균퓨레 (저펄프),무균퓨레,9,2.89,18660,1.023,2.92,미국,암적,1000
기타(Other) , 감 냉동농축액 (일반),냉동농축액,65.3,5.33,11250,1.251,0.21,대한민국,황주황,25
베리류(Berries) , 아로니아 주스 (유기농),주스,7,3.32,6600,1.011,0.93,대한민국,흑자주,220
기타(Other) , 키위 퓨레 (프리미엄),퓨레,13.9,3.32,5350,1.041,1.3,대한민국,연초록,250
열대과일(Tropical) , 파인애플 농축액 (일반),농축액,61.7,3.84,12480,1.24,2.2,태국,노랑,900
베리류(Berries) , 라즈베리 퓨레 (무가당),퓨레,9,3.08,8460,1.022,1.55,칠레,딥레드,25
열대과일(Tropical) , 바나나 농축액 (프리미엄),농축액,67.4,5.29,9130,1.259,0.4,과테말라,연베이지,900
감귤류(Citrus) , 라임 농축액 (무첨가),농축액,71.4,2.21,5450,1.269,4.19,베트남,연초록,1200
열대과일(Tropical) , 잭프루트 무균퓨레 (클래식),무균퓨레,19,5.56,18770,1.066,0.18,태국,레몬옐로,220
열대과일(Tropical) , 망고 냉동농축액 (프리미엄),냉동농축액,68.3,3.4,8830,1.259,1.27,태국,주황,1000
박과류(Melons) , 수박 냉동농축액 (단일산지),냉동농축액,65.7,5.36,4160,1.247,0.18,중국,연홍,220
감귤류(Citrus) , 포멜로 냉동농축액 (일반),냉동농축액,61.9,2.95,3860,1.233,1.27,중국,연노랑,25
감귤류(Citrus) , 라임 농축액 (클래식),농축액,64.3,2.48,5270,1.242,3.21,멕시코,연초록,25
열대과일(Tropical) , 망고 NFC (일반),NFC,11.1,3.51,4360,1.027,0.55,멕시코,진주황,1000
인과류(Pome) , 비파 주스 (유기농),주스,12.1,3.46,3690,1.028,0.36,중국,살구색,1400
감귤류(Citrus) , 오렌지 냉동농축액 (프리미엄),냉동농축액,61.3,3.35,5680,1.234,2.18,남아공,진주황,25
베리류(Berries) , 엘더베리 무균퓨레 (프리미엄),무균퓨레,13.4,3.74,13470,1.039,1.22,폴란드,블랙퍼플,900
베리류(Berries) , 구기자 주스 (무첨가),주스,8.1,3.7,7650,1.013,0.87,중국,주황적,25
감귤류(Citrus) , 자몽 무균퓨레 (무첨가),무균퓨레,12.6,3.47,6840,1.039,1.36,미국,핑크,250
베리류(Berries) , 비트베리(링곤베리) 무균퓨레 (고펄프),무균퓨레,9,2.84,10950,1.021,1.47,핀란드,진적색,25
베리류(Berries) , 엘더베리 퓨레 (일반),퓨레,10.4,3.73,19800,1.033,1.07,오스트리아,흑보라,240
감귤류(Citrus) , 베르가못 NFC (일반),NFC,8,2.62,6740,1.006,1.74,튀니지,황녹,200
감귤류(Citrus) , 감귤 무균퓨레 (유기농),무균퓨레,11.9,3.24,5310,1.032,1.01,대한민국,주황,200
기타(Other) , 대추야자 퓨레 (산지혼합),퓨레,9.3,4.9,9820,1.025,0.14,이란,다크브라운,220
감귤류(Citrus) , 레몬 NFC (단일산지),NFC,8,2.37,5780,1.011,2.75,미국,연노랑,900
인과류(Pome) , 비파 농축액 (무첨가),농축액,62.5,3.65,4910,1.235,1.35,일본,연주황,200
열대과일(Tropical) , 리치 무균퓨레 (프리미엄),무균퓨레,11.2,4.25,10320,1.032,0.43,베트남,연노랑,1000
베리류(Berries) , 비트베리(링곤베리) NFC (단일산지),NFC,8,2.99,5630,1.01,2.06,스웨덴,버건디,200
열대과일(Tropical) , 파인애플 무균퓨레 (무가당),무균퓨레,17.3,3.27,12160,1.053,1.09,인도네시아,레몬옐로,250
베리류(Berries) , 아사이 냉동농축액 (유기농),냉동농축액,58.9,4.43,21040,1.223,0.33,브라질,자주,25
베리류(Berries) , 라즈베리 냉동농축액 (단일산지),냉동농축액,60.1,2.86,9970,1.231,1.9,칠레,루비,1000
열대과일(Tropical) , 노니 무균퓨레 (고펄프),무균퓨레,19.4,3.82,14470,1.062,0.98,인도네시아,연호박,20
열대과일(Tropical) , 구아바 농축액 (산지혼합),농축액,63.7,3.65,12980,1.247,1.59,멕시코,핑크,1400
기타(Other) , 키위 무균퓨레 (프리미엄),무균퓨레,14.1,3.37,8420,1.046,1.61,이탈리아,연녹,1000
기타(Other) , 아보카도 NFC (단일산지),NFC,17.5,6.06,9900,1.042,0.07,페루,그린,1200
감귤류(Citrus) , 금귤 NFC (프리미엄),NFC,8,2.9,5450,1.009,1.57,대한민국,황주황,250
베리류(Berries) , 아사이 농축액 (무첨가),농축액,66.7,4.27,8010,1.255,0.77,브라질,딥퍼플,240
감귤류(Citrus) , 라임 퓨레 (프리미엄),퓨레,9,2.15,4570,1.026,2.75,멕시코,연초록,1200
열대과일(Tropical) , 노니 무균퓨레 (프리미엄),무균퓨레,12.5,3.86,12260,1.035,0.55,타히티,연갈,200
베리류(Berries) , 크랜베리 농축액 (단일산지),농축액,66.1,2.51,15550,1.256,5.38,미국,진적색,200
기타(Other) , 아보카도 냉동농축액 (무가당),냉동농축액,66.7,5.98,12280,1.255,0.17,페루,연녹,1200
베리류(Berries) , 아로니아 주스 (산지혼합),주스,9.5,3.22,7410,1.017,1.48,대한민국,블랙퍼플,1200
핵과류(Stone) , 사워체리 냉동농축액 (프리미엄),냉동농축액,67.8,3.38,8020,1.262,2.08,헝가리,루비,1200
베리류(Berries) , 크랜베리 농축액 (일반),농축액,69.2,2.33,10010,1.268,3.82,캐나다,진적색,900
핵과류(Stone) , 체리 퓨레 (유기농),퓨레,11.9,3.47,5810,1.033,0.36,미국,암적,250
감귤류(Citrus) , 라임 농축액 (무가당),농축액,63.4,2.49,3030,1.242,4.12,멕시코,연녹색,240
베리류(Berries) , 블랙커런트 냉동농축액 (프리미엄),냉동농축액,64.6,3.16,8130,1.244,2.44,영국,딥퍼플,25
베리류(Berries) , 블랙커런트 주스 (단일산지),주스,7,2.81,7120,1.005,2.02,영국,딥퍼플,220
핵과류(Stone) , 사워체리 냉동농축액 (클래식),냉동농축액,66,2.9,11170,1.252,1.66,터키,진홍,900
인과류(Pome) , 모과 무균퓨레 (고펄프),무균퓨레,11.4,3.22,3290,1.033,1,터키,황금,1400
감귤류(Citrus) , 라임 농축액 (클래식),농축액,64.2,2.21,5580,1.25,6,멕시코,연녹색,25
인과류(Pome) , 모과 NFC (일반),NFC,8,3.47,3550,1.009,1.11,중국,황금,240
기타(Other) , 대추야자 무균퓨레 (클래식),무균퓨레,11.4,5.23,8030,1.037,0.21,이란,다크브라운,900
핵과류(Stone) , 살구 NFC (프리미엄),NFC,11.9,3.3,6520,1.029,1.15,터키,황주황,900
핵과류(Stone) , 천도복숭아 퓨레 (단일산지),퓨레,19.8,3.24,5870,1.062,0.48,칠레,진주황,1000
포도류(Grapes) , 포도 주스 (프리미엄),주스,7,3.36,7160,1.009,0.61,남아공,퍼플,20
박과류(Melons) , 수박 무균퓨레 (유기농),무균퓨레,14.8,5.31,2800,1.043,0.1,베트남,코랄,20
감귤류(Citrus) , 오렌지 냉동농축액 (단일산지),냉동농축액,67.3,3.11,8460,1.259,2.38,스페인,진주황,25
감귤류(Citrus) , 라임 퓨레 (무첨가),퓨레,9,2.29,3010,1.029,2.27,멕시코,라임그린,1200
열대과일(Tropical) , 용과 농축액 (클래식),농축액,63.1,4.19,9390,1.245,0.71,베트남,연분홍,25
감귤류(Citrus) , 베르가못 무균퓨레 (저펄프),무균퓨레,9,2.46,5380,1.028,2.29,이탈리아,연올리브,1200
베리류(Berries) , 아로니아 냉동농축액 (일반),냉동농축액,66.5,3.56,7510,1.25,3.04,폴란드,흑자주,1000
핵과류(Stone) , 자두 퓨레 (클래식),퓨레,12.8,3.28,9580,1.036,1.38,대한민국,딥퍼플,900
열대과일(Tropical) , 파파야 주스 (고펄프),주스,13.2,5.04,8610,1.035,0.07,브라질,살구색,1200
감귤류(Citrus) , 라임 퓨레 (유기농),퓨레,9,2.21,7590,1.024,3.44,멕시코,연녹색,1200
베리류(Berries) , 아로니아 냉동농축액 (저펄프),냉동농축액,59.9,3.63,6360,1.227,3.34,폴란드,흑보라,1200
감귤류(Citrus) , 라임 무균퓨레 (고펄프),무균퓨레,9,2.42,8880,1.022,2.65,베트남,연초록,1400
베리류(Berries) , 블랙커런트 퓨레 (단일산지),퓨레,9,3.32,15010,1.029,1.33,폴란드,자홍,900
열대과일(Tropical) , 타마린드 농축액 (유기농),농축액,66,2.86,14510,1.255,6,인도,호박색,20
열대과일(Tropical) , 망고 주스 (고펄프),주스,9.6,3.6,9210,1.015,0.62,베트남,진주황,200
열대과일(Tropical) , 구아바 퓨레 (단일산지),퓨레,9,3.49,5700,1.024,0.4,인도,핑크,900
핵과류(Stone) , 사워체리 냉동농축액 (저펄프),냉동농축액,69.6,3.33,5160,1.262,3.52,터키,딥레드,1000
열대과일(Tropical) , 패션프루트 농축액 (일반),농축액,61.1,2.77,10400,1.229,3.09,남아공,레몬옐로,1200
베리류(Berries) , 엘더베리 농축액 (산지혼합),농축액,65.2,3.71,13040,1.248,2.3,폴란드,흑자주,900
열대과일(Tropical) , 망고 퓨레 (산지혼합),퓨레,11.1,4.39,13570,1.029,0.68,페루,진주황,250
핵과류(Stone) , 자두 냉동농축액 (산지혼합),냉동농축액,60.4,3.23,7430,1.229,0.91,칠레,자주,1400
감귤류(Citrus) , 라임 NFC (산지혼합),NFC,8,2.29,6610,1.012,2.47,베트남,라임그린,1200
열대과일(Tropical) , 리치 주스 (일반),주스,12,4.04,8860,1.025,0.51,베트남,연금색,240
열대과일(Tropical) , 람부탄 주스 (단일산지),주스,8.7,4.66,6310,1.014,0.39,말레이시아,연노랑,1200
기타(Other) , 감 주스 (무첨가),주스,8.1,5.82,3960,1.016,0.03,대한민국,진주황,250
감귤류(Citrus) , 유자 주스 (산지혼합),주스,7,2.85,6110,1.011,2.01,대한민국,황금,200
감귤류(Citrus) , 포멜로 퓨레 (고펄프),퓨레,9.9,3.4,3770,1.026,1.02,베트남,담황,1200
박과류(Melons) , 멜론 무균퓨레 (저펄프),무균퓨레,18.8,6,5920,1.062,0.05,대한민국,연녹,240
포도류(Grapes) , 포도 냉동농축액 (유기농),냉동농축액,66.3,3.32,5370,1.255,1.5,남아공,퍼플,250
베리류(Berries) , 크랜베리 농축액 (단일산지),농축액,63.5,2.68,10050,1.242,4.48,캐나다,진적색,25
기타(Other) , 무화과 퓨레 (클래식),퓨레,12,4.55,6040,1.033,0.28,터키,플럼브라운,250
감귤류(Citrus) , 자몽 무균퓨레 (저펄프),무균퓨레,12.9,2.9,6540,1.044,1.35,멕시코,핑크,220
베리류(Berries) , 구기자 NFC (유기농),NFC,12,4.23,8940,1.026,0.35,중국,주황적,900
인과류(Pome) , 모과 주스 (단일산지),주스,10.9,3.11,3130,1.025,1,대한민국,황금,240
열대과일(Tropical) , 람부탄 농축액 (고펄프),농축액,71.1,4.27,8100,1.275,0.55,말레이시아,연노랑,25
감귤류(Citrus) , 금귤 무균퓨레 (무첨가),무균퓨레,9,2.88,8600,1.027,1.26,중국,주황,1400
베리류(Berries) , 레드커런트 주스 (저펄프),주스,7,2.75,5280,1.004,2,독일,진홍,20
핵과류(Stone) , 살구 냉동농축액 (클래식),냉동농축액,63.4,3.11,6610,1.239,2.38,우즈베키스탄,주황,25
베리류(Berries) , 아로니아 냉동농축액 (무가당),냉동농축액,62.9,3.27,14210,1.236,2.69,대한민국,블랙퍼플,1400
베리류(Berries) , 딸기 냉동농축액 (프리미엄),냉동농축액,63.7,3.18,12730,1.247,1.74,중국,적색,1400
열대과일(Tropical) , 파파야 주스 (산지혼합),주스,11.2,4.63,10070,1.019,0.28,태국,연주황,1400
감귤류(Citrus) , 유자 냉동농축액 (산지혼합),냉동농축액,61.9,2.89,6000,1.232,2.47,대한민국,레몬옐로,200
핵과류(Stone) , 사워체리 주스 (단일산지),주스,7.6,3.28,3160,1.007,1.47,폴란드,진홍,220
감귤류(Citrus) , 오렌지 농축액 (유기농),농축액,65.1,3.42,5550,1.253,1.61,스페인,진주황,200
기타(Other) , 감 무균퓨레 (산지혼합),무균퓨레,23.1,5.78,9800,1.083,0.08,중국,진주황,25
감귤류(Citrus) , 라임 무균퓨레 (클래식),무균퓨레,9,2.17,4670,1.024,3.49,멕시코,연녹색,240
박과류(Melons) , 멜론 무균퓨레 (무첨가),무균퓨레,16.8,5.73,3690,1.052,0.1,스페인,연녹,20
열대과일(Tropical) , 망고스틴 농축액 (무가당),농축액,62.9,3.16,8150,1.244,1.41,인도네시아,연노랑,1200
기타(Other) , 대추야자 농축액 (유기농),농축액,61.7,5.96,12000,1.236,0.45,이란,갈색,240
박과류(Melons) , 수박 퓨레 (산지혼합),퓨레,12.1,5.18,4800,1.041,0.04,중국,연홍,900
열대과일(Tropical) , 패션프루트 농축액 (저펄프),농축액,71.7,3.06,7950,1.272,4.4,남아공,노랑,220
베리류(Berries) , 엘더베리 무균퓨레 (프리미엄),무균퓨레,9,3.52,14560,1.024,0.56,폴란드,흑자주,250
열대과일(Tropical) , 망고 NFC (무가당),NFC,8,4.12,9790,1.009,0.33,멕시코,주황,25
기타(Other) , 아보카도 퓨레 (프리미엄),퓨레,19.5,6.39,7050,1.068,0.06,멕시코,연녹,220
기타(Other) , 무화과 주스 (클래식),주스,14.5,5.2,5040,1.034,0.23,이란,플럼브라운,900
열대과일(Tropical) , 리치 무균퓨레 (고펄프),무균퓨레,13,4.01,7010,1.04,0.36,베트남,담황,220
베리류(Berries) , 구기자 주스 (무가당),주스,7,4.19,8220,1.002,0.74,대한민국,주황적,200
베리류(Berries) , 아사이 냉동농축액 (고펄프),냉동농축액,62.6,4.59,21120,1.236,0.6,브라질,딥퍼플,200
감귤류(Citrus) , 금귤 냉동농축액 (일반),냉동농축액,66.6,2.9,3320,1.25,3.49,중국,황주황,20
핵과류(Stone) , 사워체리 냉동농축액 (클래식),냉동농축액,68.1,3.01,8480,1.259,1.54,터키,루비,1000
인과류(Pome) , 배 농축액 (프리미엄),농축액,66.4,3.73,4930,1.251,0.68,칠레,연노랑,25
열대과일(Tropical) , 파파야 냉동농축액 (무가당),냉동농축액,60.9,4.82,14580,1.228,0.29,브라질,피치,220
베리류(Berries) , 아로니아 무균퓨레 (일반),무균퓨레,13.5,3.15,6540,1.043,1.79,대한민국,흑보라,1000
열대과일(Tropical) , 타마린드 농축액 (단일산지),농축액,68.4,2.34,21960,1.266,5.02,인도,갈색,220
열대과일(Tropical) , 바나나 NFC (일반),NFC,8,4.47,8840,1.015,0.28,필리핀,크림,250
감귤류(Citrus) , 포멜로 퓨레 (무첨가),퓨레,9,3.49,4420,1.029,1.26,베트남,연노랑,1400
박과류(Melons) , 멜론 퓨레 (일반),퓨레,13.7,5.96,4320,1.047,0.04,스페인,그린,250
감귤류(Citrus) , 자몽 주스 (클래식),주스,7,2.95,4920,1.008,1.41,이스라엘,연핑크,240
열대과일(Tropical) , 패션프루트 냉동농축액 (유기농),냉동농축액,62.3,3.1,16740,1.233,4.57,브라질,노랑,240
핵과류(Stone) , 살구 무균퓨레 (프리미엄),무균퓨레,13.9,3.09,5640,1.042,1.05,스페인,진주황,240
감귤류(Citrus) , 라임 농축액 (일반),농축액,62.2,2.29,3500,1.236,4.03,베트남,라임그린,900
베리류(Berries) , 크랜베리 주스 (유기농),주스,7,2.35,15830,1.011,3.33,미국,암적,900
감귤류(Citrus) , 라임 NFC (저펄프),NFC,8,2.4,4610,1.01,1.91,브라질,연녹색,250
베리류(Berries) , 블루베리 무균퓨레 (고펄프),무균퓨레,13.9,3.3,10260,1.039,0.64,칠레,인디고,900
열대과일(Tropical) , 망고 NFC (클래식),NFC,10.4,4.22,6580,1.021,0.66,멕시코,황주황,220
베리류(Berries) , 구기자 냉동농축액 (고펄프),냉동농축액,69.6,4.23,7900,1.266,1.36,대한민국,주황적,900
감귤류(Citrus) , 레몬 퓨레 (클래식),퓨레,9,2.8,3010,1.027,2.05,이탈리아,연금색,220
기타(Other) , 아보카도 NFC (무가당),NFC,16,6.05,9580,1.044,0.09,멕시코,그린,240
베리류(Berries) , 라즈베리 무균퓨레 (산지혼합),무균퓨레,9,3.11,12790,1.024,1.18,칠레,루비,900
인과류(Pome) , 모과 NFC (단일산지),NFC,11.6,3.49,2750,1.028,0.88,대한민국,황금,200
인과류(Pome) , 모과 퓨레 (프리미엄),퓨레,18.3,3.41,6750,1.062,0.72,중국,황금,20
베리류(Berries) , 라즈베리 냉동농축액 (유기농),냉동농축액,64.1,3.07,12870,1.244,2.57,칠레,루비,1200
핵과류(Stone) , 복숭아 농축액 (산지혼합),농축액,65.8,3.3,6260,1.253,0.53,스페인,살구색,220
열대과일(Tropical) , 바나나 NFC (프리미엄),NFC,12.1,4.84,6580,1.024,0.22,필리핀,크림,250
박과류(Melons) , 멜론 냉동농축액 (유기농),냉동농축액,69.2,5.86,3810,1.263,0.14,대한민국,그린,200
열대과일(Tropical) , 타마린드 무균퓨레 (단일산지),무균퓨레,9,2.42,16660,1.022,2.73,인도,다크브라운,25
감귤류(Citrus) , 자몽 퓨레 (단일산지),퓨레,9,3.13,7340,1.022,1.26,이스라엘,로즈,900
핵과류(Stone) , 체리 퓨레 (프리미엄),퓨레,9,3.45,8170,1.022,0.62,칠레,암적,1400
박과류(Melons) , 멜론 냉동농축액 (유기농),냉동농축액,61.8,5.42,4260,1.235,0.11,스페인,연초록,900
열대과일(Tropical) , 패션프루트 무균퓨레 (고펄프),무균퓨레,9,3.15,8780,1.022,2.69,남아공,황금,20
인과류(Pome) , 사과 주스 (클래식),주스,7.2,3.85,3880,1.008,0.68,뉴질랜드,담황,900
열대과일(Tropical) , 패션프루트 냉동농축액 (프리미엄),냉동농축액,59,2.5,8780,1.226,2.94,남아공,황금,1200
열대과일(Tropical) , 두리안 농축액 (저펄프),농축액,63.2,4.8,11110,1.244,0.38,말레이시아,연노랑,220
베리류(Berries) , 비트베리(링곤베리) 농축액 (무첨가),농축액,65.4,2.75,7530,1.252,3.64,핀란드,암적,1400
감귤류(Citrus) , 금귤 퓨레 (유기농),퓨레,9,2.84,4690,1.02,1.29,일본,황주황,1200
베리류(Berries) , 구기자 무균퓨레 (저펄프),무균퓨레,11.1,3.96,16650,1.033,0.87,중국,주황적,20
베리류(Berries) , 비트베리(링곤베리) 무균퓨레 (단일산지),무균퓨레,9,3.13,15710,1.027,1.37,핀란드,버건디,200
열대과일(Tropical) , 타마린드 NFC (클래식),NFC,8,2.7,14130,1.014,1.65,멕시코,다크브라운,250
열대과일(Tropical) , 패션프루트 NFC (무첨가),NFC,8,3.12,17750,1.007,2.56,베트남,노랑,1200
감귤류(Citrus) , 포멜로 주스 (고펄프),주스,10.3,3.3,4710,1.017,0.86,태국,연금색,1000
박과류(Melons) , 멜론 농축액 (저펄프),농축액,60.6,5.7,3640,1.228,0.07,대한민국,연녹,200
감귤류(Citrus) , 금귤 NFC (무가당),NFC,8,2.95,5690,1.012,1.12,중국,진주황,240
핵과류(Stone) , 천도복숭아 무균퓨레 (고펄프),무균퓨레,9,3.18,9350,1.021,0.43,칠레,주황,20
베리류(Berries) , 레드커런트 농축액 (유기농),농축액,71.9,2.93,6320,1.276,2.02,독일,딥레드,240
핵과류(Stone) , 살구 냉동농축액 (무첨가),냉동농축액,65.7,3.4,6550,1.247,2.37,우즈베키스탄,황주황,200
열대과일(Tropical) , 망고스틴 무균퓨레 (무가당),무균퓨레,12.3,3.37,9720,1.034,1.11,인도네시아,담황,200
베리류(Berries) , 블랙베리 무균퓨레 (산지혼합),무균퓨레,9,3.13,14990,1.026,1.56,칠레,딥퍼플,220
열대과일(Tropical) , 람부탄 퓨레 (클래식),퓨레,11,4.39,14910,1.035,0.29,말레이시아,연노랑,220
열대과일(Tropical) , 타마린드 퓨레 (산지혼합),퓨레,9,3.11,9740,1.023,1.52,멕시코,다크브라운,250
박과류(Melons) , 멜론 냉동농축액 (저펄프),냉동농축액,67.2,6.04,2380,1.254,0.05,일본,연초록,1200
열대과일(Tropical) , 타마린드 무균퓨레 (무가당),무균퓨레,9,2.73,15780,1.021,2.9,태국,갈색,1200
기타(Other) , 아보카도 냉동농축액 (무가당),냉동농축액,64.4,6.18,11690,1.242,0.17,케냐,연녹,20
감귤류(Citrus) , 감귤 주스 (유기농),주스,7,3.45,5190,1.009,0.65,일본,주황,20
박과류(Melons) , 칸탈루프 농축액 (일반),농축액,62,6.07,2570,1.233,0.2,스페인,황주황,25
베리류(Berries) , 아사이 주스 (단일산지),주스,8.8,4.05,6540,1.014,0.31,브라질,자주,1000
감귤류(Citrus) , 금귤 NFC (일반),NFC,8,3.24,3170,1.012,2.25,대한민국,황주황,20
베리류(Berries) , 엘더베리 농축액 (무가당),농축액,62.9,3.47,16200,1.244,1.4,폴란드,흑자주,250
핵과류(Stone) , 사워체리 무균퓨레 (무첨가),무균퓨레,9,3.41,9190,1.021,1.37,헝가리,루비,20
감귤류(Citrus) , 오렌지 주스 (단일산지),주스,9.9,3.57,4330,1.014,0.98,스페인,주황,240
기타(Other) , 키위 NFC (무가당),NFC,9.7,3.25,12580,1.022,1.17,이탈리아,그린,1200
감귤류(Citrus) , 유자 농축액 (프리미엄),농축액,71.2,2.53,4810,1.267,3.68,일본,황금,240
감귤류(Citrus) , 포멜로 퓨레 (무가당),퓨레,17,3.25,3610,1.059,1.37,중국,연노랑,20
베리류(Berries) , 엘더베리 퓨레 (단일산지),퓨레,10.9,3.83,14030,1.034,0.96,폴란드,흑자주,1400
인과류(Pome) , 비파 주스 (고펄프),주스,10.7,3.28,5430,1.024,0.48,일본,피치,250
열대과일(Tropical) , 망고 NFC (클래식),NFC,8.7,4.34,4930,1.016,0.3,인도,주황,1000
베리류(Berries) , 구기자 주스 (저펄프),주스,7,3.79,7580,1.007,0.76,중국,주황적,200
베리류(Berries) , 레드커런트 무균퓨레 (일반),무균퓨레,9.7,2.72,6950,1.026,2.25,독일,딥레드,1200
박과류(Melons) , 멜론 NFC (프리미엄),NFC,10.4,6.19,3170,1.019,0.03,스페인,그린,220
열대과일(Tropical) , 파인애플 농축액 (단일산지),농축액,69.6,3.31,12660,1.262,2.37,태국,황금,25
열대과일(Tropical) , 잭프루트 NFC (일반),NFC,16.4,4.59,14460,1.039,0.25,인도,레몬옐로,25
열대과일(Tropical) , 파인애플 농축액 (저펄프),농축액,62,3.54,6260,1.238,1.26,필리핀,노랑,240
열대과일(Tropical) , 망고 냉동농축액 (무첨가),냉동농축액,58.4,3.98,5380,1.223,0.75,베트남,진주황,200
감귤류(Citrus) , 칼라만시 무균퓨레 (산지혼합),무균퓨레,9,2.57,9250,1.028,2.45,태국,담황,1000
기타(Other) , 키위 주스 (일반),주스,7,3.44,3260,1.005,1.12,이탈리아,연녹,240
기타(Other) , 아보카도 주스 (산지혼합),주스,11.6,6.54,3880,1.029,0.1,케냐,연녹,240
베리류(Berries) , 레드커런트 무균퓨레 (단일산지),무균퓨레,9,3.3,14330,1.028,1.33,폴란드,진홍,220
베리류(Berries) , 구기자 무균퓨레 (저펄프),무균퓨레,16.1,4.23,16460,1.054,0.32,중국,주황적,1200
감귤류(Citrus) , 베르가못 주스 (유기농),주스,7,2.44,4420,1.002,2.16,튀니지,연올리브,220
베리류(Berries) , 아사이 무균퓨레 (프리미엄),무균퓨레,10.8,4.64,10820,1.027,0.36,브라질,자홍,250
핵과류(Stone) , 자두 무균퓨레 (고펄프),무균퓨레,16.9,3.24,5270,1.052,0.59,칠레,자홍,1000
감귤류(Citrus) , 베르가못 무균퓨레 (저펄프),무균퓨레,10.1,2.89,4990,1.032,2.69,이탈리아,올리브,240
감귤류(Citrus) , 라임 냉동농축액 (무가당),냉동농축액,66.7,2.53,3310,1.259,5.42,베트남,라임그린,1400
열대과일(Tropical) , 타마린드 퓨레 (클래식),퓨레,9,2.8,9890,1.021,2.16,멕시코,갈색,250
인과류(Pome) , 사과 NFC (무첨가),NFC,8.8,3.75,5180,1.017,0.38,대한민국,담황,1000
감귤류(Citrus) , 금귤 주스 (유기농),주스,7,2.97,4420,1.003,1.76,대한민국,황주황,220
열대과일(Tropical) , 망고 농축액 (산지혼합),농축액,69.6,3.43,13300,1.264,0.64,태국,황주황,25
감귤류(Citrus) , 감귤 NFC (유기농),NFC,9.8,3.45,7080,1.013,1.03,일본,황주황,900
인과류(Pome) , 비파 농축액 (일반),농축액,64,3.72,5650,1.244,1.36,일본,연주황,25
핵과류(Stone) , 체리 퓨레 (클래식),퓨레,14,3.54,4260,1.039,0.34,터키,암적,1400
감귤류(Citrus) , 칼라만시 농축액 (프리미엄),농축액,60.3,2.28,5150,1.228,3.42,베트남,연금색,240
열대과일(Tropical) , 노니 퓨레 (단일산지),퓨레,12.1,3.87,6460,1.033,0.57,인도네시아,연갈,240
인과류(Pome) , 비파 냉동농축액 (산지혼합),냉동농축액,67,3.59,5550,1.26,0.97,스페인,연주황,900
핵과류(Stone) , 사워체리 퓨레 (산지혼합),퓨레,12.1,3.47,5670,1.034,1.37,폴란드,루비,20
열대과일(Tropical) , 두리안 퓨레 (유기농),퓨레,20,5.11,14130,1.062,0.21,태국,연노랑,220
인과류(Pome) , 모과 주스 (프리미엄),주스,7,3.41,2620,1.01,0.56,터키,황금,250
감귤류(Citrus) , 감귤 주스 (단일산지),주스,8.4,3.4,6300,1.012,1.37,대한민국,황주황,1400
열대과일(Tropical) , 파파야 주스 (프리미엄),주스,7.6,4.43,11130,1.01,0.19,멕시코,연주황,1400
기타(Other) , 키위 NFC (저펄프),NFC,10.5,3.63,9410,1.018,1.68,대한민국,연녹,200
핵과류(Stone) , 체리 냉동농축액 (일반),냉동농축액,65.4,3.62,4360,1.251,1.23,칠레,버건디,250
베리류(Berries) , 아사이 NFC (고펄프),NFC,10.3,4.67,15510,1.021,0.36,브라질,자홍,1000
베리류(Berries) , 블랙베리 무균퓨레 (산지혼합),무균퓨레,9,3.19,15610,1.022,1.11,칠레,딥퍼플,20
기타(Other) , 키위 냉동농축액 (일반),냉동농축액,58.8,3.47,5910,1.225,3.03,이탈리아,연녹,220
열대과일(Tropical) , 파인애플 농축액 (클래식),농축액,71,3.72,5780,1.272,2.05,코스타리카,노랑,250
열대과일(Tropical) , 람부탄 주스 (저펄프),주스,8,4.87,7580,1.009,0.27,베트남,연금색,25
인과류(Pome) , 배 주스 (저펄프),주스,7,4.08,2890,1.004,0.37,중국,연금색,220
열대과일(Tropical) , 노니 주스 (무가당),주스,9.5,4.36,8830,1.018,0.98,타히티,연호박,20
베리류(Berries) , 라즈베리 퓨레 (저펄프),퓨레,13.2,3.05,8830,1.042,1.77,폴란드,딥레드,1000
감귤류(Citrus) , 포멜로 주스 (단일산지),주스,7,3.31,2410,1.008,1.1,베트남,담황,1200
열대과일(Tropical) , 람부탄 NFC (무가당),NFC,10.2,4.11,14620,1.024,0.1,말레이시아,연금색,240
감귤류(Citrus) , 유자 퓨레 (일반),퓨레,10.8,3.14,5980,1.035,2.05,일본,황금,200
열대과일(Tropical) , 노니 주스 (산지혼합),주스,13,3.76,5710,1.028,0.59,타히티,베이지,220
열대과일(Tropical) , 타마린드 주스 (클래식),주스,7,2.94,15690,1.01,2.51,인도,다크브라운,25
감귤류(Citrus) , 라임 무균퓨레 (무가당),무균퓨레,9,2.59,7580,1.022,3.1,멕시코,연녹색,250
기타(Other) , 무화과 NFC (단일산지),NFC,11.6,5.39,7650,1.025,0.14,터키,플럼브라운,20
열대과일(Tropical) , 잭프루트 퓨레 (무가당),퓨레,9.6,5.57,10230,1.031,0.15,인도,노랑,200
베리류(Berries) , 아사이 주스 (유기농),주스,14.8,4.71,12830,1.032,0.4,브라질,딥퍼플,250
베리류(Berries) , 구기자 무균퓨레 (무첨가),무균퓨레,9,3.86,11640,1.028,0.43,중국,주황적,1400
열대과일(Tropical) , 타마린드 주스 (무가당),주스,7,3.17,6800,1.003,2.27,인도,다크브라운,1200
인과류(Pome) , 배 무균퓨레 (일반),무균퓨레,9,3.99,4420,1.029,0.18,미국,연노랑,25
베리류(Berries) , 아로니아 NFC (고펄프),NFC,8,3.41,10130,1.01,1.32,폴란드,블랙퍼플,1000
기타(Other) , 대추야자 냉동농축액 (유기농),냉동농축액,60,5.77,6320,1.234,0.09,사우디아라비아,호박색,1200
감귤류(Citrus) , 레몬 NFC (프리미엄),NFC,8,2.68,6270,1.012,2.33,미국,연금색,20
열대과일(Tropical) , 노니 농축액 (프리미엄),농축액,60.6,3.55,9600,1.233,0.68,타히티,베이지,900
박과류(Melons) , 수박 퓨레 (저펄프),퓨레,12.8,5.36,2400,1.042,0.04,베트남,연홍,25
감귤류(Citrus) , 레몬 농축액 (클래식),농축액,66,2.45,5210,1.25,6,스페인,연노랑,1200
감귤류(Citrus) , 포멜로 무균퓨레 (프리미엄),무균퓨레,16.4,3.2,9770,1.054,0.6,베트남,담황,200
기타(Other) , 감 퓨레 (일반),퓨레,9.9,5.87,8300,1.03,0.14,중국,진주황,1000
감귤류(Citrus) , 자몽 냉동농축액 (유기농),냉동농축액,68.5,3.44,7910,1.257,2.74,미국,연핑크,200
베리류(Berries) , 아사이 NFC (클래식),NFC,15.7,4.76,9990,1.042,0.18,브라질,딥퍼플,900
베리류(Berries) , 블랙베리 주스 (유기농),주스,7.7,3.09,5460,1.014,1.36,멕시코,자홍,20
감귤류(Citrus) , 자몽 주스 (유기농),주스,9.6,3.24,4990,1.016,1.37,이스라엘,로즈,20
열대과일(Tropical) , 바나나 주스 (산지혼합),주스,7.6,4.81,6060,1.007,0.06,에콰도르,연베이지,250
열대과일(Tropical) , 파파야 무균퓨레 (단일산지),무균퓨레,18.5,4.39,9590,1.058,0.22,브라질,연주황,1200
인과류(Pome) , 비파 농축액 (일반),농축액,67.7,3.17,4880,1.254,1.72,중국,살구색,240
열대과일(Tropical) , 구아바 냉동농축액 (프리미엄),냉동농축액,64.6,3.48,5650,1.247,0.68,멕시코,핑크,250
열대과일(Tropical) , 패션프루트 무균퓨레 (무가당),무균퓨레,9,2.66,6470,1.025,1.86,베트남,황금,1200
열대과일(Tropical) , 노니 무균퓨레 (클래식),무균퓨레,12.9,3.84,20460,1.043,0.88,인도네시아,연호박,250
감귤류(Citrus) , 레몬 농축액 (클래식),농축액,69.1,2.28,5820,1.262,6,미국,연노랑,200
감귤류(Citrus) , 라임 무균퓨레 (고펄프),무균퓨레,9,2.35,4530,1.022,2.23,멕시코,라임그린,220
감귤류(Citrus) , 자몽 주스 (산지혼합),주스,7,3.34,6190,1.003,1.47,멕시코,로즈,1400
감귤류(Citrus) , 라임 주스 (유기농),주스,7,2.54,4880,1.006,2.74,베트남,연녹색,1400
기타(Other) , 석류 냉동농축액 (고펄프),냉동농축액,59.2,3.24,15640,1.225,2.53,터키,버건디,900
베리류(Berries) , 크랜베리 주스 (무가당),주스,7,2.38,12120,1.011,2.82,캐나다,암적,1200
감귤류(Citrus) , 칼라만시 냉동농축액 (프리미엄),냉동농축액,65.5,2.35,8520,1.251,5.49,태국,연금색,250
기타(Other) , 대추야자 NFC (일반),NFC,13,5.5,9590,1.032,0.24,튀니지,다크브라운,900
열대과일(Tropical) , 파파야 농축액 (저펄프),농축액,60.3,4.33,7380,1.227,0.2,브라질,연주황,20
감귤류(Citrus) , 포멜로 퓨레 (무첨가),퓨레,9,3.49,6700,1.028,0.68,태국,연금색,1200
베리류(Berries) , 블루베리 퓨레 (산지혼합),퓨레,15.7,3.4,13170,1.052,0.7,페루,블루퍼플,250
인과류(Pome) , 비파 농축액 (단일산지),농축액,68.9,3.19,5530,1.26,1.52,스페인,피치,250
열대과일(Tropical) , 리치 무균퓨레 (프리미엄),무균퓨레,16.2,4.42,7610,1.05,0.58,중국,연노랑,1200
핵과류(Stone) , 살구 농축액 (고펄프),농축액,65.1,3.31,8780,1.247,2.15,우즈베키스탄,주황,200
열대과일(Tropical) , 람부탄 농축액 (산지혼합),농축액,69.3,4.5,7750,1.265,0.37,베트남,연노랑,200
감귤류(Citrus) , 오렌지 퓨레 (저펄프),퓨레,9,3.34,7450,1.023,1.06,스페인,진주황,250
감귤류(Citrus) , 포멜로 퓨레 (무가당),퓨레,12.1,3.6,2920,1.041,1.26,베트남,담황,1000
열대과일(Tropical) , 노니 퓨레 (산지혼합),퓨레,18.5,3.74,12020,1.065,0.33,타히티,베이지,240
기타(Other) , 석류 NFC (고펄프),NFC,8,3.21,11040,1.011,1.72,인도,암적,220
열대과일(Tropical) , 구아바 농축액 (프리미엄),농축액,71.4,3.29,11160,1.268,1.17,태국,연로즈,900
감귤류(Citrus) , 포멜로 퓨레 (일반),퓨레,15.3,3.53,7100,1.048,1.19,태국,연금색,200
열대과일(Tropical) , 파인애플 무균퓨레 (무첨가),무균퓨레,10.6,3.27,11910,1.034,0.54,필리핀,레몬옐로,900
열대과일(Tropical) , 망고 무균퓨레 (일반),무균퓨레,12.7,3.72,5610,1.035,0.47,인도,황주황,1400
박과류(Melons) , 칸탈루프 농축액 (클래식),농축액,64.3,5.66,5160,1.243,0.18,스페인,진주황,20
감귤류(Citrus) , 금귤 퓨레 (고펄프),퓨레,9,3.22,4400,1.028,2.12,대한민국,주황,240
인과류(Pome) , 사과 퓨레 (무가당),퓨레,19.3,3.31,4250,1.064,0.22,칠레,연노랑,240
기타(Other) , 무화과 무균퓨레 (무가당),무균퓨레,21.4,4.84,10180,1.073,0.15,터키,다크플럼,240
감귤류(Citrus) , 레몬 냉동농축액 (저펄프),냉동농축액,66.1,2.53,6750,1.252,6,미국,담황,25
감귤류(Citrus) , 자몽 냉동농축액 (클래식),냉동농축액,66.7,3.19,6610,1.25,1.85,남아공,핑크,1000
베리류(Berries) , 아사이 퓨레 (무가당),퓨레,17.5,4.55,19200,1.058,0.15,브라질,자주,250
기타(Other) , 키위 냉동농축액 (클래식),냉동농축액,66.5,3.44,9280,1.252,2.33,대한민국,연초록,240
열대과일(Tropical) , 용과 농축액 (일반),농축액,62.1,4.48,7150,1.237,0.6,말레이시아,연분홍,25
베리류(Berries) , 엘더베리 퓨레 (클래식),퓨레,13.2,3.77,8180,1.043,1.08,폴란드,흑보라,1200
열대과일(Tropical) , 노니 냉동농축액 (단일산지),냉동농축액,62.4,3.61,13260,1.238,1.44,타히티,연호박,220
박과류(Melons) , 멜론 냉동농축액 (일반),냉동농축액,67.1,5.32,2740,1.26,0.16,스페인,연초록,250
베리류(Berries) , 딸기 주스 (클래식),주스,7,3.23,7960,1.009,0.76,미국,선홍,1000
베리류(Berries) , 유월귤(빌베리) 농축액 (고펄프),농축액,60.5,3.11,12080,1.229,4.27,핀란드,블루퍼플,900
열대과일(Tropical) , 잭프루트 무균퓨레 (단일산지),무균퓨레,21.5,4.59,11100,1.077,0.1,베트남,레몬옐로,1000
인과류(Pome) , 사과 퓨레 (고펄프),퓨레,19.4,3.55,3760,1.064,0.31,중국,연노랑,200
열대과일(Tropical) , 람부탄 무균퓨레 (일반),무균퓨레,19.8,4.66,9610,1.064,0.21,베트남,연노랑,900
베리류(Berries) , 블루베리 농축액 (단일산지),농축액,61.5,3.28,6900,1.231,1.83,캐나다,인디고,900
열대과일(Tropical) , 두리안 무균퓨레 (무첨가),무균퓨레,9,5.16,9270,1.023,0.22,말레이시아,연노랑,220
열대과일(Tropical) , 람부탄 냉동농축액 (무첨가),냉동농축액,67.5,4.79,11190,1.26,0.51,베트남,연노랑,220
핵과류(Stone) , 살구 냉동농축액 (일반),냉동농축액,59.3,2.99,4700,1.223,2.14,스페인,황주황,1400
베리류(Berries) , 유월귤(빌베리) 퓨레 (산지혼합),퓨레,9.5,2.86,10380,1.023,1.48,핀란드,인디고,900
핵과류(Stone) , 사워체리 NFC (단일산지),NFC,10.5,3.35,6300,1.024,1.23,폴란드,딥레드,1400
감귤류(Citrus) , 자몽 주스 (일반),주스,7,3.23,3590,1.011,1.03,멕시코,핑크,220
포도류(Grapes) , 포도 무균퓨레 (프리미엄),무균퓨레,17,3.46,8990,1.05,0.38,이탈리아,퍼플,250
감귤류(Citrus) , 유자 주스 (무가당),주스,7,2.75,3940,1.006,2.11,일본,황금,900
핵과류(Stone) , 사워체리 퓨레 (무첨가),퓨레,13,3.24,5370,1.041,1.17,폴란드,루비,250
기타(Other) , 무화과 냉동농축액 (단일산지),냉동농축액,68.3,5.05,6360,1.257,0.33,이란,플럼브라운,1200
박과류(Melons) , 칸탈루프 무균퓨레 (프리미엄),무균퓨레,19.2,5.36,2690,1.058,0.12,멕시코,진주황,25
베리류(Berries) , 라즈베리 냉동농축액 (클래식),냉동농축액,62.5,3.1,8310,1.24,3.19,칠레,진홍,200
열대과일(Tropical) , 망고 농축액 (일반),농축액,62.4,3.94,9640,1.239,0.65,태국,황주황,200
핵과류(Stone) , 자두 냉동농축액 (프리미엄),냉동농축액,65.9,3.57,6940,1.253,1.38,대한민국,자홍,20
감귤류(Citrus) , 감귤 퓨레 (무가당),퓨레,9.3,3.65,7860,1.024,1.42,중국,주황,1400
열대과일(Tropical) , 파인애플 주스 (산지혼합),주스,9.2,3.41,4170,1.011,0.78,태국,레몬옐로,25
베리류(Berries) , 라즈베리 퓨레 (클래식),퓨레,13.3,3.19,10030,1.046,1.49,세르비아,딥레드,1000
열대과일(Tropical) , 잭프루트 농축액 (일반),농축액,65.8,4.75,16610,1.253,0.36,베트남,황금,1200
박과류(Melons) , 칸탈루프 NFC (고펄프),NFC,10.3,5.29,2110,1.022,0.09,미국,진주황,250
감귤류(Citrus) , 포멜로 퓨레 (저펄프),퓨레,9.3,3.57,5460,1.03,1.15,태국,연노랑,220
감귤류(Citrus) , 포멜로 냉동농축액 (일반),냉동농축액,60.4,3.06,6930,1.235,1.21,베트남,담황,1400
기타(Other) , 대추야자 퓨레 (유기농),퓨레,22.4,5.82,12770,1.073,0.12,튀니지,다크브라운,1000
기타(Other) , 대추야자 퓨레 (산지혼합),퓨레,12.6,5.07,11770,1.034,0.17,이란,호박색,20
핵과류(Stone) , 복숭아 주스 (일반),주스,12.6,3.82,5900,1.024,0.47,스페인,피치,20
박과류(Melons) , 멜론 냉동농축액 (유기농),냉동농축액,62.6,5.25,3160,1.236,0.18,스페인,연초록,250
열대과일(Tropical) , 패션프루트 주스 (프리미엄),주스,7,3.02,7130,1.011,1.8,페루,황금,220
기타(Other) , 석류 NFC (무첨가),NFC,9.6,3.24,15940,1.014,1.83,미국,진적색,200
열대과일(Tropical) , 패션프루트 냉동농축액 (일반),냉동농축액,69.9,3.03,14770,1.265,4.87,남아공,노랑,200
감귤류(Citrus) , 포멜로 NFC (고펄프),NFC,9.1,3.38,4330,1.013,0.96,베트남,연금색,240
인과류(Pome) , 배 주스 (고펄프),주스,7.5,4.09,4170,1.006,0.44,중국,담황,250
박과류(Melons) , 멜론 퓨레 (고펄프),퓨레,16,5.94,2960,1.05,0.11,스페인,연녹,200
핵과류(Stone) , 사워체리 무균퓨레 (단일산지),무균퓨레,11.4,3.2,7050,1.03,1.71,터키,딥레드,240
열대과일(Tropical) , 노니 주스 (일반),주스,7.7,3.94,12960,1.008,0.9,인도네시아,연갈,200
감귤류(Citrus) , 라임 무균퓨레 (산지혼합),무균퓨레,9,2.25,4750,1.027,3.06,멕시코,연녹색,1000
인과류(Pome) , 비파 농축액 (무가당),농축액,69.3,3.36,6890,1.26,0.71,일본,살구색,220
기타(Other) , 무화과 NFC (클래식),NFC,11.8,4.63,3680,1.022,0.18,이란,플럼브라운,1000
베리류(Berries) , 비트베리(링곤베리) 퓨레 (무첨가),퓨레,11.5,2.97,9830,1.039,1.2,핀란드,암적,1400
열대과일(Tropical) , 파파야 무균퓨레 (유기농),무균퓨레,17.7,4.58,14440,1.058,0.14,브라질,살구색,240
베리류(Berries) , 아로니아 농축액 (무첨가),농축액,60,3.46,13700,1.224,2.15,대한민국,블랙퍼플,20
기타(Other) , 아보카도 NFC (유기농),NFC,13.7,6.56,11510,1.029,0.06,페루,연초록,220
포도류(Grapes) , 포도 무균퓨레 (저펄프),무균퓨레,15.2,3.66,8520,1.044,0.45,이탈리아,퍼플,1200
핵과류(Stone) , 사워체리 냉동농축액 (유기농),냉동농축액,68.2,3.05,8510,1.258,2.83,헝가리,딥레드,20
인과류(Pome) , 비파 퓨레 (유기농),퓨레,9,3.78,4450,1.021,0.47,중국,연주황,25
인과류(Pome) , 사과 주스 (프리미엄),주스,7.8,3.54,3430,1.01,0.59,뉴질랜드,연노랑,250
베리류(Berries) , 블랙커런트 냉동농축액 (무첨가),냉동농축액,58.7,3.25,20230,1.227,3.35,폴란드,자홍,220
기타(Other) , 감 주스 (무첨가),주스,9,6.19,3830,1.017,0.05,일본,주황,1000
박과류(Melons) , 멜론 NFC (저펄프),NFC,17,5.36,3450,1.047,0.1,일본,연초록,1000
감귤류(Citrus) , 칼라만시 NFC (저펄프),NFC,8,2.8,5620,1.007,1.83,베트남,연노랑,200
열대과일(Tropical) , 잭프루트 농축액 (프리미엄),농축액,64.7,4.65,9110,1.249,0.33,인도,노랑,1000
박과류(Melons) , 멜론 퓨레 (프리미엄),퓨레,13.8,6.17,3170,1.038,0.1,일본,그린,1200
감귤류(Citrus) , 라임 주스 (일반),주스,7,2.69,5820,1.01,3.14,브라질,연초록,220
박과류(Melons) , 칸탈루프 주스 (무가당),주스,10,5.33,2830,1.018,0.11,스페인,황주황,1000
열대과일(Tropical) , 두리안 냉동농축액 (산지혼합),냉동농축액,64.5,4.62,8880,1.25,0.52,말레이시아,담황,240
핵과류(Stone) , 자두 주스 (고펄프),주스,7,3.38,3140,1.004,0.84,칠레,자홍,220
기타(Other) , 석류 농축액 (산지혼합),농축액,67.9,3.17,13360,1.26,2.71,인도,진적색,25
박과류(Melons) , 수박 농축액 (산지혼합),농축액,60.5,5.54,2260,1.228,0.05,베트남,코랄,1000
열대과일(Tropical) , 망고스틴 무균퓨레 (고펄프),무균퓨레,14,3.24,8810,1.046,0.5,태국,담황,20
열대과일(Tropical) , 용과 무균퓨레 (저펄프),무균퓨레,21.4,4.42,14200,1.074,0.21,베트남,연로즈,25
감귤류(Citrus) , 오렌지 냉동농축액 (무첨가),냉동농축액,69.5,2.79,4520,1.265,2.02,미국,황주황,1200
기타(Other) , 무화과 농축액 (고펄프),농축액,69.2,4.98,12210,1.26,0.42,대한민국,플럼브라운,1200
박과류(Melons) , 수박 냉동농축액 (고펄프),냉동농축액,64.4,5.22,5100,1.251,0.21,대한민국,연홍,900
열대과일(Tropical) , 람부탄 냉동농축액 (단일산지),냉동농축액,64.8,4.1,12410,1.252,0.66,베트남,연노랑,240
인과류(Pome) , 배 퓨레 (산지혼합),퓨레,10.2,4.11,3470,1.034,0.1,미국,연노랑,240
열대과일(Tropical) , 구아바 퓨레 (무가당),퓨레,14,3.76,5840,1.043,0.38,베트남,핑크,1400
베리류(Berries) , 딸기 NFC (클래식),NFC,11.7,3.15,10510,1.029,0.88,미국,선홍,200
베리류(Berries) , 레드커런트 무균퓨레 (고펄프),무균퓨레,9.8,3.19,7070,1.029,1.14,독일,진홍,20
핵과류(Stone) , 복숭아 주스 (일반),주스,9.2,3.89,6640,1.013,0.72,대한민국,피치,900
베리류(Berries) , 아로니아 퓨레 (클래식),퓨레,9,3.42,7080,1.025,0.95,폴란드,흑보라,900
기타(Other) , 대추야자 퓨레 (단일산지),퓨레,16.9,4.91,5180,1.057,0.14,이란,갈색,1000
기타(Other) , 무화과 농축액 (단일산지),농축액,66.6,4.7,8920,1.257,0.32,터키,플럼브라운,900
감귤류(Citrus) , 칼라만시 퓨레 (프리미엄),퓨레,9,2.71,6890,1.021,1.87,베트남,연금색,1400
감귤류(Citrus) , 레몬 무균퓨레 (클래식),무균퓨레,9,2.42,8000,1.023,2.07,스페인,담황,1400
열대과일(Tropical) , 망고스틴 냉동농축액 (저펄프),냉동농축액,63.3,3.9,8350,1.244,1.55,태국,연금색,200
인과류(Pome) , 사과 NFC (산지혼합),NFC,13,3.29,3140,1.025,0.43,칠레,연노랑,220
열대과일(Tropical) , 파파야 NFC (일반),NFC,12.8,4.86,9740,1.031,0.3,브라질,피치,1200
베리류(Berries) , 라즈베리 냉동농축액 (프리미엄),냉동농축액,58.7,2.9,6250,1.229,2.01,칠레,딥레드,250
인과류(Pome) , 배 NFC (단일산지),NFC,15.4,3.92,6210,1.037,0.18,대한민국,담황,1000
열대과일(Tropical) , 리치 농축액 (유기농),농축액,62.2,4.13,9770,1.235,0.91,베트남,담황,900
인과류(Pome) , 배 NFC (무첨가),NFC,13.7,3.68,6210,1.037,0.21,미국,연노랑,240
베리류(Berries) , 유월귤(빌베리) 농축액 (단일산지),농축액,71.3,3.24,11970,1.268,2.35,핀란드,블루퍼플,220
감귤류(Citrus) , 유자 주스 (무가당),주스,8.3,3.15,3260,1.012,1.43,대한민국,황금,1200
베리류(Berries) , 비트베리(링곤베리) 냉동농축액 (산지혼합),냉동농축액,61.7,2.97,6990,1.24,2.64,스웨덴,버건디,25
열대과일(Tropical) , 리치 무균퓨레 (클래식),무균퓨레,9.7,4.05,15070,1.03,0.54,베트남,담황,240
기타(Other) , 무화과 무균퓨레 (단일산지),무균퓨레,21.8,4.77,7080,1.069,0.24,대한민국,다크플럼,240
열대과일(Tropical) , 두리안 퓨레 (고펄프),퓨레,11.8,4.58,14820,1.034,0.22,인도네시아,연금색,1000
감귤류(Citrus) , 베르가못 주스 (무가당),주스,7,2.5,5640,1.002,1.51,이탈리아,올리브,900
기타(Other) , 무화과 무균퓨레 (클래식),무균퓨레,22.6,5.26,17720,1.08,0.07,이란,다크플럼,250
베리류(Berries) , 유월귤(빌베리) 냉동농축액 (클래식),냉동농축액,63.1,3.1,14430,1.24,3.97,핀란드,인디고,25
열대과일(Tropical) , 파인애플 농축액 (클래식),농축액,70.5,3.32,12090,1.268,1.93,코스타리카,노랑,240
핵과류(Stone) , 체리 NFC (클래식),NFC,12.8,3.4,8960,1.027,0.42,터키,암적,200
베리류(Berries) , 블랙커런트 무균퓨레 (일반),무균퓨레,9,3.23,22180,1.028,1.38,프랑스,딥퍼플,1000
감귤류(Citrus) , 베르가못 주스 (프리미엄),주스,7,2.9,3440,1.007,1.52,이탈리아,연올리브,25
감귤류(Citrus) , 레몬 무균퓨레 (무첨가),무균퓨레,9,2.42,8520,1.024,2.53,스페인,담황,1200
인과류(Pome) , 모과 냉동농축액 (클래식),냉동농축액,68.9,3.24,6130,1.26,1.1,중국,황금,240
베리류(Berries) , 크랜베리 무균퓨레 (단일산지),무균퓨레,9,2.84,16590,1.02,3.43,캐나다,암적,20
베리류(Berries) , 유월귤(빌베리) 주스 (저펄프),주스,7,3.09,4840,1.006,1.47,핀란드,남보라,1200
열대과일(Tropical) , 망고스틴 무균퓨레 (일반),무균퓨레,13.6,3.86,15910,1.039,0.34,인도네시아,담황,25
감귤류(Citrus) , 자몽 주스 (고펄프),주스,10,3.01,5370,1.02,1.08,남아공,핑크,1400
인과류(Pome) , 모과 농축액 (저펄프),농축액,69.2,3.06,2940,1.267,2.17,중국,황금,25
베리류(Berries) , 아사이 퓨레 (저펄프),퓨레,14.1,4.17,16070,1.04,0.16,브라질,딥퍼플,1400
핵과류(Stone) , 천도복숭아 퓨레 (산지혼합),퓨레,18,3.31,9860,1.06,0.65,중국,황주황,1000
기타(Other) , 석류 무균퓨레 (무가당),무균퓨레,9.9,3.45,9330,1.026,1.86,미국,암적,25
기타(Other) , 아보카도 퓨레 (저펄프),퓨레,23.6,6.29,10130,1.08,0.05,멕시코,그린,220
베리류(Berries) , 라즈베리 농축액 (무가당),농축액,63.7,3.1,11920,1.241,1.62,칠레,진홍,200
베리류(Berries) , 아사이 NFC (클래식),NFC,16,4.38,7070,1.036,0.24,브라질,자홍,250
기타(Other) , 키위 주스 (고펄프),주스,9.6,3.13,8710,1.018,1.32,뉴질랜드,연녹,1400
기타(Other) , 아보카도 NFC (단일산지),NFC,8.5,6.1,6830,1.011,0.09,케냐,연녹,1400
핵과류(Stone) , 살구 냉동농축액 (클래식),냉동농축액,65.1,3.41,7000,1.244,2.39,스페인,주황,250
베리류(Berries) , 블랙커런트 NFC (클래식),NFC,8,2.98,16940,1.014,1.38,프랑스,자홍,20
열대과일(Tropical) , 구아바 냉동농축액 (클래식),냉동농축액,60.3,3.93,13690,1.227,1.48,태국,연분홍,20
핵과류(Stone) , 살구 무균퓨레 (프리미엄),무균퓨레,14.8,3.07,12130,1.042,0.98,이란,진주황,20
열대과일(Tropical) , 파파야 무균퓨레 (고펄프),무균퓨레,19.2,4.32,7340,1.064,0.24,브라질,살구색,1200
기타(Other) , 감 주스 (무가당),주스,12.7,5.33,11050,1.025,0.05,일본,황주황,25
열대과일(Tropical) , 리치 NFC (단일산지),NFC,12.1,4.02,8930,1.029,0.57,중국,연노랑,240
베리류(Berries) , 아사이 퓨레 (단일산지),퓨레,14.5,4.1,7150,1.047,0.24,브라질,딥퍼플,200
열대과일(Tropical) , 잭프루트 무균퓨레 (단일산지),무균퓨레,20.6,5.34,22320,1.067,0.17,태국,노랑,1000
감귤류(Citrus) , 라임 농축액 (단일산지),농축액,69.8,2.58,5510,1.268,5.18,멕시코,연녹색,200
베리류(Berries) , 라즈베리 NFC (프리미엄),NFC,8,3.25,11670,1.014,1.47,폴란드,딥레드,20
열대과일(Tropical) , 바나나 농축액 (프리미엄),농축액,64.2,4.84,5570,1.241,0.47,필리핀,아이보리,1200
기타(Other) , 키위 NFC (고펄프),NFC,8.4,3.34,8420,1.013,1.21,대한민국,연초록,25
,,,,,,,,,,
2. 작성근거,,,,,,,,,,
과일군(세로축),가공방법,당도,pH,단가,비중,산도,원산지,색상,공급중량,
산출근거: 내부 원료군 분류체계(감귤/베리/열대 등) + 제품군(주스/퓨레/농축) 정의는 Codex CXS 247-2005 및 AIJN CoP 용어에 정합,Codex CXS 247-2005(주스/농축주스/퓨레/농축퓨레 정의) + AIJN Code of Practice(업계 품질·진정성 기준 용어),ISO 2173(굴절계법 soluble solids) 결과를 관행적으로 °Bx(수크로스 환산)로 표기; 농축은 원주스 대비 Brix 상승 개념(Codex),"유리수소이온활동도 측정(유리전극 pH meter, 표준완충액 교정/온도보정); QC 기본 항목(주스/퓨레 공통)",구매 견적/계약서 기준 원/kg(또는 CIF/FOB 등 조건에 따른 포함비용 정의) + 포장단위·물류·검사비 반영 여부를 별도 관리,"비중=시료밀도/물밀도(20°C 기준); 밀도계/피크노미터 실측 또는 °Bx-밀도 환산표(수용액 기반, 참고용)로 추정","ISO 750(적정산도, potentiometric 또는 지시약법) 결과를 통상 % (citric acid eq)로 환산 표기; 품질·배합 계산 핵심",COA/원산지증명/추적성 문서(로트·국가·지역) 기반; 규제·라벨링·리스크 관리 목적,색차계 CIE Lab* 또는 흡광도/색지수로 관리(주스·퓨레 품질지표); AIJN RG에서 색 관련 파라미터를 참고하는 경우가 많음,포장 규격(드럼/IBC/백인박스 등) 및 실중량(kg) 기준; 발주·재고·배합 원가 산출의 기본 단위,
